FRNR202015-04_0001.jpg,0
FRNR202015-04_0002.jpg,0
FRNR202015-04_0003.jpg,0
FRNR202015-04_0004.jpg,0
FRNR202015-04_0005.jpg,0
FRNR202015-04_0006.jpg,0
FRNR202015-04_0007.jpg,0
FRNR202015-04_0008.jpg,0
FRNR202015-04_0009.jpg,0
FRNR202015-04_0010.jpg,0
FRNR202015-04_0011.jpg,0
FRNR202015-04_0012.jpg,0
FRNR202015-04_0013.jpg,0
FRNR202015-04_0014.jpg,0
FRNR202015-04_0015.jpg,0
FRNR202015-04_0016.jpg,0
FRNR202015-04_0017.jpg,0
FRNR202015-04_0018.jpg,0
FRNR202015-04_0019.jpg,0
FRNR202015-04_0020.jpg,0
FRNR202015-04_0021.jpg,0
FRNR202015-04_0022.jpg,0
FRNR202015-04_0023.jpg,0
FRNR202015-04_0024.jpg,0
FRNR202015-04_0025.jpg,0
FRNR202015-04_0026.jpg,0
FRNR202015-04_0027.jpg,0
FRNR202015-04_0028.jpg,0
FRNR202015-04_0029.jpg,0
FRNR202015-04_0030.jpg,0
FRNR202015-04_0031.jpg,0
FRNR202015-04_0032.jpg,0
FRNR202015-04_0033.jpg,0
FRNR202015-04_0034.jpg,0
FRNR202015-04_0035.jpg,0
FRNR202015-04_0036.jpg,0
FRNR202015-04_0037.jpg,0
FRNR202015-04_0038.jpg,0
FRNR202015-04_0039.jpg,0
FRNR202015-04_0040.jpg,0
FRNR202015-04_0041.jpg,0
FRNR202015-04_0042.jpg,0
FRNR202015-04_0043.jpg,0
FRNR202015-04_0044.jpg,0
FRNR202015-04_0045.jpg,0
FRNR202015-04_0046.jpg,0
FRNR202015-04_0047.jpg,0
FRNR202015-04_0048.jpg,0
FRNR202015-04_0049.jpg,0
FRNR202015-04_0050.jpg,0
FRNR202015-04_0051.jpg,0
FRNR202015-04_0052.jpg,0
FRNR202015-04_0053.jpg,0
FRNR202015-04_0054.jpg,0
FRNR202015-04_0055.jpg,0
FRNR202015-04_0056.jpg,0
FRNR202015-04_0057.jpg,0
FRNR202015-04_0058.jpg,0
FRNR202015-04_0059.jpg,0
FRNR202015-04_0060.jpg,0
FRNR202015-04_0061.jpg,0
FRNR202015-04_0062.jpg,0
FRNR202015-04_0063.jpg,0
FRNR202015-04_0064.jpg,0
FRNR202015-04_0065.jpg,0
FRNR202015-04_0066.jpg,0
FRNR202015-04_0067.jpg,0
FRNR202015-04_0068.jpg,0
FRNR202015-04_0069.jpg,0
FRNR202015-04_0070.jpg,0
FRNR202015-04_0071.jpg,0
FRNR202015-04_0072.jpg,0
FRNR202015-04_0073.jpg,0
FRNR202015-04_0074.jpg,0
FRNR202015-04_0075.jpg,0
FRNR202015-04_0076.jpg,0
FRNR202015-04_0077.jpg,0
FRNR202015-04_0078.jpg,0
FRNR202015-04_0079.jpg,0
FRNR202015-04_0080.jpg,0
FRNR202015-04_0081.jpg,0
FRNR202015-04_0082.jpg,0
FRNR202015-04_0083.jpg,0
FRNR202015-04_0084.jpg,0
FRNR202015-04_0085.jpg,0
FRNR202015-04_0086.jpg,0
FRNR202015-04_0087.jpg,0
FRNR202015-04_0088.jpg,0
FRNR202015-04_0089.jpg,0
FRNR202015-04_0090.jpg,0
FRNR202015-04_0091.jpg,0
FRNR202015-04_0092.jpg,0
FRNR202015-04_0093.jpg,0
FRNR202015-04_0094.jpg,0
FRNR202015-04_0095.jpg,0
FRNR202015-04_0096.jpg,0
FRNR202015-04_0097.jpg,0
FRNR202015-04_0098.jpg,0
FRNR202015-04_0099.jpg,0
FRNR202015-04_0100.jpg,0
FRNR202015-04_0101.jpg,0
FRNR202015-04_0102.jpg,0
FRNR202015-04_0103.jpg,0
FRNR202015-04_0104.jpg,0
FRNR202015-04_0105.jpg,0
FRNR202015-04_0106.jpg,0
FRNR202015-04_0107.jpg,0
FRNR202015-04_0108.jpg,0
FRNR202015-04_0109.jpg,0
FRNR202015-04_0110.jpg,0
FRNR202015-04_0111.jpg,0
FRNR202015-04_0112.jpg,0
FRNR202015-04_0113.jpg,0
FRNR202015-04_0114.jpg,0
FRNR202015-04_0115.jpg,0
FRNR202015-04_0116.jpg,0
FRNR202015-04_0117.jpg,0
FRNR202015-04_0118.jpg,0
FRNR202015-04_0119.jpg,0
FRNR202015-04_0120.jpg,0
FRNR202015-04_0121.jpg,0
FRNR202015-04_0122.jpg,0
FRNR202015-04_0123.jpg,0
FRNR202015-04_0124.jpg,0
FRNR202015-04_0125.jpg,0
FRNR202015-04_0126.jpg,0
FRNR202015-04_0127.jpg,0
FRNR202015-04_0128.jpg,0
FRNR202015-04_0129.jpg,0
FRNR202015-04_0130.jpg,0
FRNR202015-04_0131.jpg,0
FRNR202015-04_0132.jpg,0
FRNR202015-04_0133.jpg,0
FRNR202015-04_0134.jpg,0
FRNR202015-04_0135.jpg,0
FRNR202015-04_0136.jpg,0
FRNR202015-04_0137.jpg,0
FRNR202015-04_0138.jpg,0
FRNR202015-04_0139.jpg,0
FRNR202015-04_0140.jpg,0
FRNR202015-04_0141.jpg,0
FRNR202015-04_0142.jpg,0
FRNR202015-04_0143.jpg,0
FRNR202015-04_0144.jpg,0
FRNR202015-04_0145.jpg,0
FRNR202015-04_0146.jpg,0
FRNR202015-04_0147.jpg,0
